[{
"orderID": "2341",
"productTypeID": "55885487",  
"quantity": "10",
"storeID": "2345",
"storeName": "walmart superstore",
"storeAddress": "1310 Texas Blvd N, Weslaco, TX 78599, United States",
"storeDistance": "0.43",
"storeContactNumber": "+1 956-968-6357"

},
{
"orderID": "4567",
"productTypeID": "55885345",  
"quantity": "24",
"storeID": "2349",
"storeName": "walmart superstore",
"storeAddress": "765 Hurst St, Center, TX 75935, United States",
"storeDistance": "1.43",
"storeContactNumber": "706347732"

}
]