{"main":"apisero-walmart-sys-apiraml.raml","name":"walmart-sys-api","classifier":"raml","tags":[],"dependencies":[{"groupId":"61dea6b4-8e61-485c-bee2-9c3ba1dc5167","assetId":"authenticationtrait","version":"1.0.0"},{"groupId":"61dea6b4-8e61-485c-bee2-9c3ba1dc5167","assetId":"walmartresources","version":"1.0.0"},{"groupId":"61dea6b4-8e61-485c-bee2-9c3ba1dc5167","assetId":"errorresponsestrait","version":"1.0.0"}],"groupId":"61dea6b4-8e61-485c-bee2-9c3ba1dc5167","assetId":"walmart-sys-api","version":"1.0.0","apiVersion":"v1","originalFormatVersion":"1.0","metadata":{"projectId":"e3e23680-6491-4e20-a27e-0cd6c9f3d8eb","branchId":"master","commitId":"5837c8d863f6db4eb98c2c538dafde717152854a"}}